# Subshells: edge, fluorescence yield, jump factor
# Generated by tools/pixe_atomic.py from xraylib 4.3.0 on 2026-10-05.
# xraylib: T. Schoonjans et al., Spectrochim. Acta B 66 (2011) 776. BSD licence;
# see src/pyrump/data/SOURCES.md for its copyright notice.
Z,symbol,shell,edge_keV,fluor_yield,jump_factor
1,H,K,0.0136,0,1
2,He,K,0.0246,0,1
3,Li,K,0.0548,0.0002928,1
3,Li,L1,0.0053,0,1
4,Be,K,0.1121,0.0006929,23.53
4,Be,L1,0.008,0,1
5,B,K,0.188,0.001409,21.7
5,B,L1,0.0126,0,1
5,B,L2,0.0047,0,1
5,B,L3,0.0047,0,1
6,C,K,0.2838,0.002575,19.02
6,C,L1,0.018,0,1
6,C,L2,0.0064,0,1
6,C,L3,0.0064,0,1
7,N,K,0.4016,0.004349,17.44
7,N,L1,0.0244,0,1
7,N,L2,0.0092,0,1
7,N,L3,0.0092,0,1
8,O,K,0.532,0.006909,15.4
8,O,L1,0.0285,0,1
8,O,L2,0.0071,0,1
8,O,L3,0.0071,0,1
9,F,K,0.6854,0.01045,13.84
9,F,L1,0.034,0,1
9,F,L2,0.0086,0,1
9,F,L3,0.0086,0,1
10,Ne,K,0.8701,0.01519,13.61
10,Ne,L1,0.0485,0,1
10,Ne,L2,0.0217,0,1
10,Ne,L3,0.0216,0,1
11,Na,K,1.0721,0.02133,11.84
11,Na,L1,0.0633,0,1
11,Na,L2,0.0311,0,1
11,Na,L3,0.0311,0,1
11,Na,M1,0.0007,0,0
12,Mg,K,1.305,0.02911,12.02
12,Mg,L1,0.0894,2e-05,1
12,Mg,L2,0.0514,0.0012,1
12,Mg,L3,0.0514,1.2e-13,1
12,Mg,M1,0.0021,5.04e-06,1
13,Al,K,1.5596,0.03872,10.95
13,Al,L1,0.1177,2.6e-05,1.08901
13,Al,L2,0.0732,0.00075,1
13,Al,L3,0.0727,0.00075,1
13,Al,M1,0.0007,5.46e-06,1
13,Al,M2,0.0055,0,1
13,Al,M3,0.0055,0,1
14,Si,K,1.8389,0.05037,10.37
14,Si,L1,0.1487,3e-05,1.09471
14,Si,L2,0.0995,0.00037,1
14,Si,L3,0.0989,0.00038,1
14,Si,M1,0.0076,5.88e-06,1
14,Si,M2,0.003,0,1
14,Si,M3,0.003,0,1
15,P,K,2.1455,0.06422,9.969
15,P,L1,0.1893,3.9e-05,1.09965
15,P,L2,0.1362,3.1e-05,1
15,P,L3,0.1353,3.1e-05,6.19
15,P,M1,0.0162,6.3e-06,1
15,P,M2,0.0099,0,1
15,P,M3,0.0099,0,1
16,S,K,2.472,0.08038,9.613
16,S,L1,0.2292,7.4e-05,1.10397
16,S,L2,0.1654,0.00026,1.4
16,S,L3,0.1642,0.00026,5.546
16,S,M1,0.0158,6.72e-06,1
16,S,M2,0.008,0,1
16,S,M3,0.008,0,1
17,Cl,K,2.8224,0.09892,9.309
17,Cl,L1,0.2702,0.00012,1.10778
17,Cl,L2,0.2016,0.00024,1.4
17,Cl,L3,0.2,0.00024,4.646
17,Cl,M1,0.0175,7.14e-06,1
17,Cl,M2,0.0068,0,1
17,Cl,M3,0.0068,0,1
18,Ar,K,3.206,0.1199,9.054
18,Ar,L1,0.3263,0.00018,1.11117
18,Ar,L2,0.2507,0.00022,1.4
18,Ar,L3,0.2486,0.00022,4.183
18,Ar,M1,0.0292,7.56e-06,1
18,Ar,M2,0.0159,0,1
18,Ar,M3,0.0158,0,1
19,K,K,3.6074,0.1432,9.163
19,K,L1,0.3771,0.00024,1.11421
19,K,L2,0.2963,0.00027,1.4
19,K,L3,0.2936,0.00027,10.98
19,K,M1,0.0339,7.98e-06,1
19,K,M2,0.0178,0,1
19,K,M3,0.0178,0,1
20,Ca,K,4.0381,0.1687,8.744
20,Ca,L1,0.4378,0.00031,1.11694
20,Ca,L2,0.35,0.00033,1.4
20,Ca,L3,0.3464,0.00033,5.811
20,Ca,M1,0.0437,8.4e-06,1
20,Ca,M2,0.0254,0,1
20,Ca,M3,0.0254,0,1
21,Sc,K,4.4928,0.1962,8.551
21,Sc,L1,0.5004,0.00039,1.1194
21,Sc,L2,0.4067,0.00084,1.4
21,Sc,L3,0.4022,0.00084,5.007
21,Sc,M1,0.0538,5.8e-06,1
21,Sc,M2,0.0323,1.7e-05,1
21,Sc,M3,0.0323,0,1
21,Sc,M4,0.0066,0,0
21,Sc,M5,0.0066,0,0
22,Ti,K,4.9664,0.2256,8.366
22,Ti,L1,0.5637,0.00047,1.12165
22,Ti,L2,0.4615,0.0011,1.4
22,Ti,L3,0.4555,0.0015,4.592
22,Ti,M1,0.0603,3.2e-06,1
22,Ti,M2,0.0346,3.4e-05,1
22,Ti,M3,0.0346,0,1
22,Ti,M4,0.0037,0.00185625,1
22,Ti,M5,0.0037,0,1
23,V,K,5.4651,0.2564,8.242
23,V,L1,0.6282,0.00058,1.1237
23,V,L2,0.5205,0.0018,1.4
23,V,L3,0.5129,0.0026,4.073
23,V,M1,0.0665,2.9e-06,1
23,V,M2,0.0378,2.3e-05,1
23,V,M3,0.0378,0,1
23,V,M4,0.0022,0.00194063,1
23,V,M5,0.0022,0,1
24,Cr,K,5.9892,0.2885,8.045
24,Cr,L1,0.6946,0.00071,1.12558
24,Cr,L2,0.5837,0.0023,1.4
24,Cr,L3,0.5745,0.0037,5
24,Cr,M1,0.0741,2.6e-06,1
24,Cr,M2,0.0425,1.6e-05,1
24,Cr,M3,0.0425,0,1
24,Cr,M4,0.0023,0.002025,1
24,Cr,M5,0.0023,0,1
25,Mn,K,6.539,0.3213,7.999
25,Mn,L1,0.769,0.00084,1.12731
25,Mn,L2,0.6514,0.0031,1.4
25,Mn,L3,0.6403,0.005,3.306
25,Mn,M1,0.0839,3.1e-06,1
25,Mn,M2,0.0486,1.6e-05,1
25,Mn,M3,0.0486,0,1
25,Mn,M4,0.0033,0.00210938,1
25,Mn,M5,0.0033,0,1
26,Fe,K,7.112,0.3546,7.893
26,Fe,L1,0.8461,0.001,1.1289
26,Fe,L2,0.7211,0.0036,1.4
26,Fe,L3,0.7081,0.0063,3.099
26,Fe,M1,0.0929,2.8e-06,1
26,Fe,M2,0.054,1.6e-05,1
26,Fe,M3,0.054,0,1
26,Fe,M4,0.0036,0.00219375,1
26,Fe,M5,0.0036,0,1
27,Co,K,7.7089,0.388,7.796
27,Co,L1,0.9256,0.0012,1.13038
27,Co,L2,0.7936,0.0044,1.4
27,Co,L3,0.7786,0.0077,2.773
27,Co,M1,0.1007,2.8e-06,1.04
27,Co,M2,0.0595,1.7e-05,1
27,Co,M3,0.0595,0,1
27,Co,M4,0.0029,0.00227813,1
27,Co,M5,0.0029,0,1
28,Ni,K,8.3328,0.4212,7.707
28,Ni,L1,1.0081,0.0014,1.13175
28,Ni,L2,0.8719,0.0051,1.4
28,Ni,L3,0.8547,0.0093,2.614
28,Ni,M1,0.1118,3.5e-06,1.04
28,Ni,M2,0.0681,1.5e-05,1
28,Ni,M3,0.0681,0,1
28,Ni,M4,0.0036,0.0023625,1
28,Ni,M5,0.0036,0,1
29,Cu,K,8.9789,0.4538,7.56
29,Cu,L1,1.0961,0.0016,1.13303
29,Cu,L2,0.951,0.0057,1.4
29,Cu,L3,0.9311,0.011,3.135
29,Cu,M1,0.1198,4.1e-06,1.04
29,Cu,M2,0.0736,1.6e-05,1
29,Cu,M3,0.0736,0,1
29,Cu,M4,0.0016,0.00244687,1
29,Cu,M5,0.0016,0,1
30,Zn,K,9.6586,0.4857,7.543
30,Zn,L1,1.1936,0.0018,1.13422
30,Zn,L2,1.0428,0.0095,1.4
30,Zn,L3,1.0197,0.012,2.455
30,Zn,M1,0.1359,4.6e-06,1.04
30,Zn,M2,0.0866,2.2e-05,1
30,Zn,M3,0.0866,0,1
30,Zn,M4,0.0081,0.00253125,1
30,Zn,M5,0.0081,0,1
31,Ga,K,10.3671,0.5166,7.468
31,Ga,L1,1.2977,0.0021,1.13534
31,Ga,L2,1.1423,0.012,1.4
31,Ga,L3,1.1154,0.013,2.959
31,Ga,M1,0.1581,6.85e-06,1.04
31,Ga,M2,0.1068,2.4e-05,1.058
31,Ga,M3,0.1029,0,1.11062
31,Ga,M4,0.0174,0.00261563,1
31,Ga,M5,0.0174,0,1
32,Ge,K,11.1031,0.5464,7.392
32,Ge,L1,1.4143,0.0024,1.13638
32,Ge,L2,1.2478,0.013,1.4
32,Ge,L3,1.2167,0.015,3.684
32,Ge,M1,0.18,9.1e-06,1.04
32,Ge,M2,0.1279,2.6e-05,1.058
32,Ge,M3,0.1208,0,1.11304
32,Ge,M4,0.0287,0.0027,1
32,Ge,M5,0.0287,0,1
33,As,K,11.8667,0.5748,7.314
33,As,L1,1.5265,0.0028,1.13737
33,As,L2,1.3586,0.014,1.4
33,As,L3,1.3231,0.016,4.156
33,As,M1,0.2035,1.9075e-05,1.04
33,As,M2,0.1464,3.45e-05,1.058
33,As,M3,0.1405,1.5e-05,1.11532
33,As,M4,0.0412,0.0027,1
33,As,M5,0.0412,0,1
34,Se,K,12.6578,0.6019,7.225
34,Se,L1,1.6539,0.0032,1.13829
34,Se,L2,1.4762,0.016,1.4
34,Se,L3,1.4358,0.018,4.431
34,Se,M1,0.2315,2.905e-05,1.04
34,Se,M2,0.1682,4.3e-05,1.058
34,Se,M3,0.1619,3e-05,1.11746
34,Se,M4,0.0567,0.0027,1
34,Se,M5,0.0567,0,1
35,Br,K,13.4737,0.6275,7.141
35,Br,L1,1.782,0.0036,1.13916
35,Br,L2,1.596,0.018,1.4
35,Br,L3,1.5499,0.02,4.654
35,Br,M1,0.2565,3.9025e-05,1.04
35,Br,M2,0.1893,5.15e-05,1.058
35,Br,M3,0.1815,4.5e-05,1.11949
35,Br,M4,0.0701,0.0027,1
35,Br,M5,0.069,0,1
36,Kr,K,14.3256,0.6517,7.058
36,Kr,L1,1.921,0.0041,1.13999
36,Kr,L2,1.7272,0.02,1.4
36,Kr,L3,1.6749,0.022,4.678
36,Kr,M1,0.2921,4.9e-05,1.04
36,Kr,M2,0.2218,6e-05,1.058
36,Kr,M3,0.2145,6e-05,1.12139
36,Kr,M4,0.095,0.0027,1
36,Kr,M5,0.0938,0,1
37,Rb,K,15.1997,0.6744,6.97
37,Rb,L1,2.0651,0.0046,1.14076
37,Rb,L2,1.8639,0.022,1.4
37,Rb,L3,1.8044,0.024,3.987
37,Rb,M1,0.3221,5.425e-05,1.04
37,Rb,M2,0.2474,4.85e-05,1.058
37,Rb,M3,0.2385,8.25e-05,1.1232
37,Rb,M4,0.1118,0.0027,1.953
37,Rb,M5,0.1103,0,1.843
38,Sr,K,16.1046,0.6956,6.888
38,Sr,L1,2.2163,0.0051,1.1415
38,Sr,L2,2.0068,0.024,1.4
38,Sr,L3,1.9396,0.026,3.982
38,Sr,M1,0.3575,5.95e-05,1.04
38,Sr,M2,0.2798,3.7e-05,1.058
38,Sr,M3,0.2691,0.000105,1.12491
38,Sr,M4,0.135,0.0027,1.139
38,Sr,M5,0.1331,0,1.808
39,Y,K,17.0384,0.7155,6.814
39,Y,L1,2.3725,0.0059,1.1422
39,Y,L2,2.1555,0.026,1.4
39,Y,L3,2.08,0.028,3.909
39,Y,M1,0.3936,6.475e-05,1.04
39,Y,M2,0.3124,2.55e-05,1.058
39,Y,M3,0.3003,0.0001275,1.12653
39,Y,M4,0.1596,0.0027,1.12
39,Y,M5,0.1574,0,1.631
40,Zr,K,17.9976,0.734,6.749
40,Zr,L1,2.5316,0.0068,1.14287
40,Zr,L2,2.3067,0.028,1.4
40,Zr,L3,2.2223,0.031,3.836
40,Zr,M1,0.4303,7e-05,1.04
40,Zr,M2,0.3442,1.4e-05,1.058
40,Zr,M3,0.3305,0.00015,1.12808
40,Zr,M4,0.1824,0.0027,1.159
40,Zr,M5,0.18,0,1.565
41,Nb,K,18.9856,0.7512,6.683
41,Nb,L1,2.6977,0.0094,1.1435
41,Nb,L2,2.4647,0.031,1.4
41,Nb,L3,2.3705,0.034,3.75
41,Nb,M1,0.4684,8.25e-05,1.04
41,Nb,M2,0.3784,7.55e-05,1.058
41,Nb,M3,0.363,0.00017,1.12954
41,Nb,M4,0.2074,0.00275,1.138
41,Nb,M5,0.2046,0,1.421
42,Mo,K,19.9995,0.7672,6.539
42,Mo,L1,2.8655,0.01,1.1441
42,Mo,L2,2.6251,0.034,1.4
42,Mo,L3,2.5202,0.037,3.674
42,Mo,M1,0.5046,9.5e-05,1.04
42,Mo,M2,0.4097,0.000137,1.058
42,Mo,M3,0.3923,0.00019,1.13094
42,Mo,M4,0.2303,0.0028,1.095
42,Mo,M5,0.227,0,1.302
43,Tc,K,21.044,0.7821,6.561
43,Tc,L1,3.0425,0.011,1.14468
43,Tc,L2,2.7932,0.037,1.4
43,Tc,L3,2.6769,0.04,3.594
43,Tc,M1,0.544,0.0001075,1.04
43,Tc,M2,0.4449,0.0001985,1.058
43,Tc,M3,0.425,0.00021,1.13227
43,Tc,M4,0.2564,0.00285,1.136
43,Tc,M5,0.2529,0,1.321
44,Ru,K,22.1172,0.7958,6.503
44,Ru,L1,3.224,0.012,1.14523
44,Ru,L2,2.9669,0.04,1.4
44,Ru,L3,2.8379,0.043,3.518
44,Ru,M1,0.585,0.00012,1.04
44,Ru,M2,0.4828,0.00026,1.058
44,Ru,M3,0.4606,0.00023,1.13354
44,Ru,M4,0.2836,0.0029,1.079
44,Ru,M5,0.2794,0,1.193
45,Rh,K,23.2199,0.8086,6.444
45,Rh,L1,3.4119,0.013,1.14575
45,Rh,L2,3.1461,0.043,1.4
45,Rh,L3,3.0038,0.046,3.444
45,Rh,M1,0.6271,0.000136667,1.04
45,Rh,M2,0.521,0.000303333,1.058
45,Rh,M3,0.4962,0.00026,1.13476
45,Rh,M4,0.3117,0.00283333,1.126
45,Rh,M5,0.307,0,1.216
46,Pd,K,24.3503,0.8204,6.395
46,Pd,L1,3.6043,0.014,1.14625
46,Pd,L2,3.3303,0.047,1.4
46,Pd,L3,3.1733,0.049,3.328
46,Pd,M1,0.6699,0.000153333,1.04
46,Pd,M2,0.5591,0.000346667,1.058
46,Pd,M3,0.5315,0.00029,1.13592
46,Pd,M4,0.34,0.00276667,1.058
46,Pd,M5,0.3347,0,1.084
47,Ag,K,25.514,0.8313,6.334
47,Ag,L1,3.8058,0.016,1.14673
47,Ag,L2,3.5237,0.051,1.4
47,Ag,L3,3.3511,0.052,3.308
47,Ag,M1,0.7175,0.00017,1.04
47,Ag,M2,0.6024,0.00039,1.058
47,Ag,M3,0.5714,0.00032,1.13703
47,Ag,M4,0.3728,0.0027,1.1
47,Ag,M5,0.3667,0,1.142
48,Cd,K,26.7112,0.8415,6.275
48,Cd,L1,4.018,0.018,1.14719
48,Cd,L2,3.727,0.056,1.4
48,Cd,L3,3.5375,0.056,3.254
48,Cd,M1,0.7702,0.000196667,1.04
48,Cd,M2,0.6507,0.000493333,1.058
48,Cd,M3,0.6165,0.000393333,1.1381
48,Cd,M4,0.4105,0.0027,1.093
48,Cd,M5,0.4037,0,1.134
49,In,K,27.9399,0.8508,6.229
49,In,L1,4.2375,0.02,1.14763
49,In,L2,3.938,0.061,1.4
49,In,L3,3.7301,0.06,3.15
49,In,M1,0.8256,0.000223333,1.04
49,In,M2,0.7022,0.000596667,1.058
49,In,M3,0.6643,0.000466667,1.13912
49,In,M4,0.4508,0.0027,1.135
49,In,M5,0.4431,0,1.079
50,Sn,K,29.2001,0.8595,6.161
50,Sn,L1,4.4647,0.036,1.14805
50,Sn,L2,4.1561,0.07,1.4
50,Sn,L3,3.9288,0.067,3.006
50,Sn,M1,0.8838,0.00025,1.04
50,Sn,M2,0.7564,0.0007,1.058
50,Sn,M3,0.7144,0.00054,1.1401
50,Sn,M4,0.4933,0.0027,1.076
50,Sn,M5,0.4848,0,1.075
51,Sb,K,30.4912,0.8676,6.13
51,Sb,L1,4.6983,0.04,1.14846
51,Sb,L2,4.3804,0.084,1.4
51,Sb,L3,4.1322,0.081,3.013
51,Sb,M1,0.9437,0.000305,1.04
51,Sb,M2,0.8119,0.00075,1.058
51,Sb,M3,0.7656,0.000575,1.14104
51,Sb,M4,0.5369,0.0027,1.076
51,Sb,M5,0.5275,0,1.061
52,Te,K,31.8138,0.875,6.085
52,Te,L1,4.9392,0.041,1.14885
52,Te,L2,4.612,0.074,1.4
52,Te,L3,4.3414,0.074,2.978
52,Te,M1,1.006,0.00036,1.04
52,Te,M2,0.8697,0.0008,1.058
52,Te,M3,0.8187,0.00061,1.14195
52,Te,M4,0.5825,0.0027,1.152
52,Te,M5,0.5721,0,1.13
53,I,K,33.1694,0.8819,6.039
53,I,L1,5.1881,0.044,1.14923
53,I,L2,4.8521,0.079,1.4
53,I,L3,4.5571,0.079,2.95
53,I,M1,1.0721,0.000415,1.04
53,I,M2,0.9305,0.00085,1.058
53,I,M3,0.8746,0.000645,1.14282
53,I,M4,0.6313,0.0027,1.08
53,I,M5,0.6194,0,1.063
54,Xe,K,34.5644,0.8883,5.988
54,Xe,L1,5.4528,0.046,1.14959
54,Xe,L2,5.1037,0.083,1.4
54,Xe,L3,4.7822,0.085,2.92
54,Xe,M1,1.1487,0.00047,1.04
54,Xe,M2,1.0021,0.0009,1.058
54,Xe,M3,0.9406,0.00068,1.14366
54,Xe,M4,0.6894,0.0027,1.144
54,Xe,M5,0.6767,0,1.149
55,Cs,K,35.9846,0.8942,5.949
55,Cs,L1,5.7143,0.049,1.14994
55,Cs,L2,5.3594,0.09,1.4
55,Cs,L3,5.0119,0.091,2.955
55,Cs,M1,1.2171,0.000593333,1.04
55,Cs,M2,1.065,0.000966667,1.058
55,Cs,M3,0.9976,0.000783333,1.14447
55,Cs,M4,0.7395,0.0027,1.052
55,Cs,M5,0.7255,0,1.451
56,Ba,K,37.4406,0.8997,5.901
56,Ba,L1,5.9888,0.052,1.15028
56,Ba,L2,5.6236,0.096,1.4
56,Ba,L3,5.247,0.097,2.896
56,Ba,M1,1.2928,0.000716667,1.04
56,Ba,M2,1.1367,0.00103333,1.058
56,Ba,M3,1.0622,0.000886667,1.14525
56,Ba,M4,0.7961,0.0027,1.107
56,Ba,M5,0.7807,0,1.569
57,La,K,38.9246,0.9049,5.863
57,La,L1,6.2663,0.055,1.1506
57,La,L2,5.8906,0.103,1.4
57,La,L3,5.4827,0.104,2.868
57,La,M1,1.3613,0.00084,1.04
57,La,M2,1.2044,0.0011,1.058
57,La,M3,1.1234,0.00099,1.14601
57,La,M4,0.8485,0.0027,1.085
57,La,M5,0.8317,0,1.271
58,Ce,K,40.443,0.9096,5.806
58,Ce,L1,6.5488,0.058,1.15092
58,Ce,L2,6.1642,0.11,1.4
58,Ce,L3,5.7234,0.111,2.852
58,Ce,M1,1.4346,0.00083,1.04
58,Ce,M2,1.2728,0.00117333,1.058
58,Ce,M3,1.1854,0.00101,1.14673
58,Ce,M4,0.9013,0.00266667,1.066
58,Ce,M5,0.8833,0.00106667,1.334
59,Pr,K,41.9906,0.914,5.763
59,Pr,L1,6.8348,0.061,1.15122
59,Pr,L2,6.4404,0.117,1.4
59,Pr,L3,5.9643,0.118,2.815
59,Pr,M1,1.511,0.00082,1.04
59,Pr,M2,1.3374,0.00124667,1.058
59,Pr,M3,1.2422,0.00103,1.14744
59,Pr,M4,0.9511,0.00263333,1.105
59,Pr,M5,0.931,0.00213333,1.311
60,Nd,K,43.5689,0.9181,5.718
60,Nd,L1,7.126,0.064,1.15151
60,Nd,L2,6.7215,0.124,1.4
60,Nd,L3,6.2079,0.125,2.818
60,Nd,M1,1.5753,0.00081,1.04
60,Nd,M2,1.4028,0.00132,1.058
60,Nd,M3,1.2974,0.00105,1.14812
60,Nd,M4,0.9999,0.0026,1.258
60,Nd,M5,0.9777,0.0032,1.35
61,Pm,K,45.184,0.922,5.674
61,Pm,L1,7.4279,0.066,1.1518
61,Pm,L2,7.0128,0.132,1.4
61,Pm,L3,6.4593,0.132,2.801
61,Pm,M1,1.65,0.00083,1.04
61,Pm,M2,1.4714,0.00137,1.058
61,Pm,M3,1.3569,0.00112,1.14877
61,Pm,M4,1.0515,0.0031,1.28
61,Pm,M5,1.0269,0.0041,1.348
62,Sm,K,46.8342,0.9255,5.625
62,Sm,L1,7.7368,0.071,1.15207
62,Sm,L2,7.3118,0.14,1.4
62,Sm,L3,6.7162,0.139,2.783
62,Sm,M1,1.7228,0.00085,1.04
62,Sm,M2,1.5407,0.00142,1.058
62,Sm,M3,1.4198,0.00119,1.14941
62,Sm,M4,1.106,0.0036,1.248
62,Sm,M5,1.0802,0.005,1.439
63,Eu,K,48.519,0.9289,5.582
63,Eu,L1,8.052,0.075,1.15233
63,Eu,L2,7.6171,0.149,1.4
63,Eu,L3,6.9769,0.147,2.766
63,Eu,M1,1.8,0.00087,1.04
63,Eu,M2,1.6139,0.00147,1.058
63,Eu,M3,1.4806,0.00126,1.15003
63,Eu,M4,1.1606,0.0041,1.248
63,Eu,M5,1.1309,0.0059,1.357
64,Gd,K,50.2391,0.932,5.537
64,Gd,L1,8.3756,0.102,1.15259
64,Gd,L2,7.9303,0.158,1.4
64,Gd,L3,7.2428,0.155,2.747
64,Gd,M1,1.8808,0.0009225,1.04
64,Gd,M2,1.6883,0.001565,1.058
64,Gd,M3,1.544,0.0013075,1.15062
64,Gd,M4,1.2172,0.00475,1.228
64,Gd,M5,1.1852,0.007075,1.142
65,Tb,K,51.9957,0.9349,5.492
65,Tb,L1,8.708,0.107,1.15284
65,Tb,L2,8.2516,0.167,1.4
65,Tb,L3,7.514,0.164,2.732
65,Tb,M1,1.9675,0.000975,1.04
65,Tb,M2,1.7677,0.00166,1.058
65,Tb,M3,1.6113,0.001355,1.1512
65,Tb,M4,1.275,0.0054,1.207
65,Tb,M5,1.2412,0.00825,1.47
66,Dy,K,53.7885,0.9376,5.45
66,Dy,L1,9.0458,0.111,1.15308
66,Dy,L2,8.5806,0.178,1.4
66,Dy,L3,7.7901,0.174,2.707
66,Dy,M1,2.0468,0.0010275,1.04
66,Dy,M2,1.8418,0.001755,1.058
66,Dy,M3,1.6756,0.0014025,1.15176
66,Dy,M4,1.3325,0.00605,1.197
66,Dy,M5,1.2949,0.009425,1.422
67,Ho,K,55.6177,0.9401,5.403
67,Ho,L1,9.3942,0.116,1.15332
67,Ho,L2,8.9178,0.189,1.4
67,Ho,L3,8.0711,0.182,2.706
67,Ho,M1,2.1283,0.00108,1.04
67,Ho,M2,1.9228,0.00185,1.058
67,Ho,M3,1.7412,0.00145,1.1523
67,Ho,M4,1.3915,0.0067,1.181
67,Ho,M5,1.3514,0.0106,1.442
68,Er,K,57.4855,0.9425,5.353
68,Er,L1,9.7513,0.121,1.15355
68,Er,L2,9.2643,0.2,1.4
68,Er,L3,8.3579,0.192,2.692
68,Er,M1,2.2065,0.00110333,1.04
68,Er,M2,2.0058,0.00189,1.058
68,Er,M3,1.8118,0.00152,1.15283
68,Er,M4,1.4533,0.00733333,1.15
68,Er,M5,1.4093,0.0120333,1.475
69,Tm,K,59.3896,0.9447,5.369
69,Tm,L1,10.1157,0.131,1.15377
69,Tm,L2,9.6169,0.211,1.4
69,Tm,L3,8.648,0.201,2.678
69,Tm,M1,2.3068,0.00112667,1.04
69,Tm,M2,2.0898,0.00193,1.058
69,Tm,M3,1.8845,0.00159,1.15334
69,Tm,M4,1.5146,0.00796667,1.169
69,Tm,M5,1.4677,0.0134667,1.395
70,Yb,K,61.3323,0.9467,5.27
70,Yb,L1,10.4864,0.134,1.15398
70,Yb,L2,9.9782,0.222,1.4
70,Yb,L3,8.9436,0.218,2.665
70,Yb,M1,2.3981,0.00115,1.04
70,Yb,M2,2.173,0.00197,1.058
70,Yb,M3,1.9498,0.00166,1.15384
70,Yb,M4,1.5763,0.0086,1.179
70,Yb,M5,1.5278,0.0149,1.522
71,Lu,K,63.3138,0.9487,5.228
71,Lu,L1,10.8704,0.138,1.15419
71,Lu,L2,10.3486,0.234,1.4
71,Lu,L3,9.2441,0.22,2.649
71,Lu,M1,2.4912,0.00125,1.04
71,Lu,M2,2.2635,0.00219333,1.058
71,Lu,M3,2.0236,0.00182,1.15433
71,Lu,M4,1.6394,0.0100667,1.164
71,Lu,M5,1.5885,0.0167667,1.262
72,Hf,K,65.3508,0.9505,5.185
72,Hf,L1,11.2707,0.141,1.15439
72,Hf,L2,10.7394,0.246,1.4
72,Hf,L3,9.5607,0.231,2.63
72,Hf,M1,2.6009,0.00135,1.04
72,Hf,M2,2.3654,0.00241667,1.058
72,Hf,M3,2.1076,0.00198,1.1548
72,Hf,M4,1.7164,0.0115333,1.144
72,Hf,M5,1.6617,0.0186333,1.255
73,Ta,K,67.4164,0.9522,5.143
73,Ta,L1,11.6815,0.144,1.15459
73,Ta,L2,11.1361,0.258,1.4
73,Ta,L3,9.8811,0.243,2.613
73,Ta,M1,2.708,0.00145,1.04
73,Ta,M2,2.4687,0.00264,1.058
73,Ta,M3,2.194,0.00214,1.15525
73,Ta,M4,1.7932,0.013,1.127
73,Ta,M5,1.7351,0.0205,1.233
74,W,K,69.525,0.9538,5.099
74,W,L1,12.0998,0.13,1.15478
74,W,L2,11.544,0.295,1.4
74,W,L3,10.2068,0.255,2.613
74,W,M1,2.8196,0.00151667,1.04
74,W,M2,2.5749,0.00284333,1.058
74,W,M3,2.281,0.00249333,1.1557
74,W,M4,1.8716,0.0132333,1.106
74,W,M5,1.8092,0.0214,1.203
75,Re,K,71.6764,0.9553,5.056
75,Re,L1,12.5267,0.085,1.15497
75,Re,L2,11.9587,0.201,1.4
75,Re,L3,10.5353,0.179,2.6
75,Re,M1,2.9317,0.00158333,1.04
75,Re,M2,2.6816,0.00304667,1.058
75,Re,M3,2.3673,0.00284667,1.15613
75,Re,M4,1.9489,0.0134667,1.045
75,Re,M5,1.8829,0.0223,1.302
76,Os,K,73.8708,0.9567,5.007
76,Os,L1,12.968,0.13,1.15515
76,Os,L2,12.385,0.295,1.4
76,Os,L3,10.8709,0.281,2.587
76,Os,M1,3.0485,0.00165,1.04
76,Os,M2,2.7922,0.00325,1.058
76,Os,M3,2.4572,0.0032,1.15656
76,Os,M4,2.0308,0.0137,1.1
76,Os,M5,1.9601,0.0232,1.05
77,Ir,K,76.111,0.958,4.963
77,Ir,L1,13.4185,0.145,1.15533
77,Ir,L2,12.8241,0.308,1.4
77,Ir,L3,11.2152,0.294,2.58
77,Ir,M1,3.1737,0.00181,1.04
77,Ir,M2,2.9087,0.0162667,1.058
77,Ir,M3,2.5507,0.00353333,1.15697
77,Ir,M4,2.1161,0.0179333,1.066
77,Ir,M5,2.0404,0.024,1.087
78,Pt,K,78.3948,0.9592,4.973
78,Pt,L1,13.8805,0.114,1.1555
78,Pt,L2,13.2726,0.321,1.4
78,Pt,L3,11.5638,0.306,2.563
78,Pt,M1,3.2976,0.00197,1.04
78,Pt,M2,3.027,0.0292833,1.058
78,Pt,M3,2.6453,0.00386667,1.15737
78,Pt,M4,2.2015,0.0221667,1.075
78,Pt,M5,2.1211,0.0248,1.094
79,Au,K,80.7249,0.9604,4.874
79,Au,L1,14.3528,0.117,1.15567
79,Au,L2,13.7336,0.334,1.4
79,Au,L3,11.9187,0.32,2.55
79,Au,M1,3.4249,0.00213,1.04
79,Au,M2,3.1478,0.0423,1.058
79,Au,M3,2.743,0.0042,1.15776
79,Au,M4,2.2911,0.0264,1.07
79,Au,M5,2.2057,0.0256,1.092
80,Hg,K,83.1023,0.9615,4.828
80,Hg,L1,14.8393,0.121,1.15583
80,Hg,L2,14.2087,0.347,1.4
80,Hg,L3,12.2839,0.333,2.534
80,Hg,M1,3.5616,0.00232,1.04
80,Hg,M2,3.2785,0.033355,1.058
80,Hg,M3,2.8471,0.0044825,1.15814
80,Hg,M4,2.3849,0.02805,1.088
80,Hg,M5,2.2949,0.027325,1.138
81,Tl,K,85.5304,0.9625,4.781
81,Tl,L1,15.3467,0.124,1.15599
81,Tl,L2,14.6979,0.36,1.4
81,Tl,L3,12.6575,0.347,2.52
81,Tl,M1,3.7041,0.00251,1.04
81,Tl,M2,3.4157,0.02441,1.058
81,Tl,M3,2.9566,0.004765,1.15851
81,Tl,M4,2.4851,0.0297,1.162
81,Tl,M5,2.3893,0.02905,1.367
82,Pb,K,88.0045,0.9634,4.731
82,Pb,L1,15.8608,0.128,1.15615
82,Pb,L2,15.2,0.373,1.4
82,Pb,L3,13.0352,0.36,2.506
82,Pb,M1,3.8507,0.0027,1.04
82,Pb,M2,3.5542,0.015465,1.058
82,Pb,M3,3.0664,0.0050475,1.15887
82,Pb,M4,2.5856,0.03135,1.265
82,Pb,M5,2.484,0.030775,1.757
83,Bi,K,90.5259,0.9643,4.682
83,Bi,L1,16.3875,0.132,1.1563
83,Bi,L2,15.7111,0.387,1.4
83,Bi,L3,13.4186,0.373,2.492
83,Bi,M1,3.9991,0.00289,1.04
83,Bi,M2,3.6963,0.00652,1.058
83,Bi,M3,3.1769,0.00533,1.15922
83,Bi,M4,2.6876,0.033,1.392
83,Bi,M5,2.5796,0.0325,2.325
84,Po,K,93.1,0.9652,4.628
84,Po,L1,16.928,0.135,1.15645
84,Po,L2,16.237,0.401,1.4
84,Po,L3,13.81,0.386,2.478
84,Po,M1,4.152,0.00324333,1.04
84,Po,M2,3.844,0.00759667,1.058
84,Po,M3,3.293,0.00565333,1.15957
84,Po,M4,2.794,0.0338333,1.526
84,Po,M5,2.68,0.0337333,2.969
85,At,K,95.724,0.9659,4.586
85,At,L1,17.482,0.138,1.1566
85,At,L2,16.776,0.415,1.4
85,At,L3,14.207,0.399,2.459
85,At,M1,4.31,0.00359667,1.04
85,At,M2,3.994,0.00867333,1.058
85,At,M3,3.409,0.00597667,1.15991
85,At,M4,2.901,0.0346667,1.652
85,At,M5,2.781,0.0349667,3.389
86,Rn,K,98.397,0.9667,4.494
86,Rn,L1,18.048,0.142,1.15674
86,Rn,L2,17.328,0.429,1.4
86,Rn,L3,14.61,0.411,2.449
86,Rn,M1,4.473,0.00395,1.04
86,Rn,M2,4.15,0.00975,1.058
86,Rn,M3,3.529,0.0063,1.16023
86,Rn,M4,3.012,0.0355,1.621
86,Rn,M5,2.884,0.0362,3.521
87,Fr,K,101.13,0.9674,4.481
87,Fr,L1,18.634,0.146,1.15688
87,Fr,L2,17.899,0.443,1.4
87,Fr,L3,15.025,0.424,2.443
87,Fr,M1,4.644,0.004095,1.04
87,Fr,M2,4.315,0.0108125,1.058
87,Fr,M3,3.656,0.00675,1.16056
87,Fr,M4,3.129,0.041325,1.555
87,Fr,M5,2.994,0.039575,3.135
88,Ra,K,103.915,0.968,4.433
88,Ra,L1,19.232,0.15,1.15701
88,Ra,L2,18.484,0.456,1.4
88,Ra,L3,15.444,0.437,2.433
88,Ra,M1,4.822,0.00424,1.04
88,Ra,M2,4.483,0.011875,1.058
88,Ra,M3,3.785,0.0072,1.16087
88,Ra,M4,3.248,0.04715,1.484
88,Ra,M5,3.105,0.04295,2.803
89,Ac,K,106.756,0.9686,4.381
89,Ac,L1,19.846,0.154,1.15714
89,Ac,L2,19.081,0.468,1.4
89,Ac,L3,15.87,0.45,2.423
89,Ac,M1,4.999,0.004385,1.04
89,Ac,M2,4.655,0.0129375,1.058
89,Ac,M3,3.915,0.00765,1.16118
89,Ac,M4,3.37,0.052975,1.449
89,Ac,M5,3.219,0.046325,2.602
90,Th,K,109.65,0.9691,4.335
90,Th,L1,20.472,0.159,1.15727
90,Th,L2,19.693,0.479,1.4
90,Th,L3,16.3,0.463,2.411
90,Th,M1,5.182,0.00453,1.04
90,Th,M2,4.831,0.014,1.058
90,Th,M3,4.046,0.0081,1.16148
90,Th,M4,3.491,0.0588,1.429
90,Th,M5,3.332,0.0497,2.481
91,Pa,K,112.596,0.9696,4.287
91,Pa,L1,21.105,0.164,1.1574
91,Pa,L2,20.314,0.472,1.4
91,Pa,L3,16.733,0.476,2.401
91,Pa,M1,5.361,0.004675,1.04
91,Pa,M2,5.001,0.0150625,1.058
91,Pa,M3,4.174,0.00855,1.16177
91,Pa,M4,3.606,0.064625,1.431
91,Pa,M5,3.442,0.053075,2.48
92,U,K,115.602,0.9701,4.238
92,U,L1,21.758,0.168,1.15752
92,U,L2,20.948,0.467,1.4
92,U,L3,17.168,0.489,2.392
92,U,M1,5.548,0.00482,1.04
92,U,M2,5.181,0.016125,1.058
92,U,M3,4.304,0.009,1.16206
92,U,M4,3.726,0.07045,1.424
92,U,M5,3.55,0.05645,2.433
